{
  "r0": 0.03465735902799727,
  "gamma2": 0.75,
  "K2": 0.05,
  "gamma1": 0.2,
  "K1": 1.0,
  "s_M2": 4.0,
  "s_TAM": 1.1636363636363638,
  "theta": 0.1
}