{
  "pe": {
    "r0": 0.03465735902799727,
    "gamma2": 0.75,
    "K2": 0.05,
    "gamma1": 0.2,
    "K1": 1.0,
    "s_M2": 4.0,
    "s_TAM": 1.1636363636363638,
    "theta": 0.1
  },
  "qian": {
    "alpha": 1.9463628306257181,
    "K_L": 0.9559022188177784,
    "dMo": 0.31121304835886393,
    "eta": 0.6852264539883475,
    "cC": 0.08907806994269414,
    "cM2": 0.4248945989025181,
    "dL": 0.4182969534854069,
    "Rlung_hat": 6.25721182074998,
    "Rblock_hat": 0.686573817822778
  }
}